<?xml version="1.0" encoding="UTF-8"?>
<project-private xmlns="http://www.netbeans.org/ns/project-private/1">
    <editor-bookmarks xmlns="http://www.netbeans.org/ns/editor-bookmarks/2" lastBookmarkId="0"/>
    <open-files xmlns="http://www.netbeans.org/ns/projectui-open-files/2">
        <group>
            <file>file:/C:/Users/MOCIN/OneDrive/Documents/NetBeansProjects/DepotSsystem/src/View/ManagerView.java</file>
            <file>file:/C:/Users/MOCIN/OneDrive/Documents/NetBeansProjects/DepotSsystem/src/Control/Manager.java</file>
            <file>file:/C:/Users/MOCIN/OneDrive/Documents/NetBeansProjects/DepotSsystem/src/Control/Worker.java</file>
            <file>file:/C:/Users/MOCIN/OneDrive/Documents/NetBeansProjects/DepotSsystem/src/Model/Parcel.java</file>
            <file>file:/C:/Users/MOCIN/OneDrive/Documents/NetBeansProjects/DepotSsystem/src/Model/Customer.java</file>
            <file>file:/C:/Users/MOCIN/OneDrive/Documents/NetBeansProjects/DepotSsystem/src/Model/Log.java</file>
            <file>file:/C:/Users/MOCIN/OneDrive/Documents/NetBeansProjects/DepotSsystem/src/Model/QueueOfCustomers.java</file>
            <file>file:/C:/Users/MOCIN/OneDrive/Documents/NetBeansProjects/DepotSsystem/src/Model/ParcelMap.java</file>
        </group>
    </open-files>
</project-private>
